{"亚博yabo官网手机登录":"yaboyab","半岛综合APP入口":"bandaozonghea","博鱼官方APP入口":"boyuguanfanga","半岛APP下载安装":"bandaoapp","亚博网APP":"yabowangap","TB天博APP官网下载":"tbtianboa","华体育APP":"huatiyuap","皇冠APP下载安装":"huangguanapp","博鱼综合APP官方下载":"boyuzonghea","爱游戏APP":"aiyouxiap","澳亚国际APP安装下载":"aoyaguojia","博鱼综合体育APP":"boyuzongheti","BOB·综合体育APP官方下载":"bobzong","TB天博官网入口":"tbtianboguan","TB天博综合体育APP入口":"tbtianbozong","TB天博综合APP下载":"tbtianbozong","反波胆足球平台APP下载":"fanbodanzuqiu","亚博yabo最新版官网登录":"yaboyab","亚博电竞APP官网":"yabodianjinga","BOB·综合体育官方APP下载":"bobzong","TB天博综合体育APP":"tbtianbozong","TB天博APP下载":"tbtianboa","TB体育平台APP下载":"tbtiyuping","半岛官方入口APP":"bandaoguanfangru","BOB·综合体育官方APP":"bobzong","极速快三APP":"jisukuaisana","天博APP官网最新下载地址":"tianboapp","反波胆足球APP官方下载":"fanbodanzuqiu","火狐体育APP":"huohutiyua","天博综合APP下载安装":"tianbozonghea","半岛APP官方入口":"bandaoapp","半岛官方入口":"bandaoguanfangru","金年会娱乐下载APP":"jinnianhuiyule","金年会APP下载":"jinnianhuiap","天博TB综合体育APP":"tianbotbzong","皇冠新体育APP":"huangguanxintiyu","外围足球软件APP":"waiweizuqiuruan","天博APP最新下载地址":"tianboapp","天博综合官方APP下载":"tianbozongheguan","半岛APP":"bandaoapp","天博APP下载安装":"tianboapp","AYX爱游戏全站APP":"ayxaiyou","亚博yabo888官网最新版":"yaboyab","博鱼APP综合体育":"boyuapp","博鱼APP下载安装":"boyuapp","天博综合体育官方APP下载":"tianbozongheti","博鱼全站APP入口":"boyuquanzhana","OB体育APP最新版":"obtiyua","真人百家家乐APP下载安装":"zhenrenbaijiajia","乐鱼综合体育APP下载":"leyuzongheti","金年会体育APP下载":"jinnianhuitiyu","博鱼手机版APP":"boyushoujiban","江南APP官方入口":"jiangnanapp","大发平台APP下载":"dafapingtaia","博鱼APP":"boyuapp","天博综合APP":"tianbozonghea","博鱼全站APP手机版":"boyuquanzhana","AYX爱游戏APP下载":"ayxaiyou","半岛·APP":"bandaoap","极速快三APP推荐":"jisukuaisana","欧宝官方体育APP":"oubaoguanfangti","博鱼综合体育APP下载":"boyuzongheti","半岛官方APP入口":"bandaoguanfanga","M6米乐APP最新版下载":"m6milea","天博综合体育APP":"tianbozongheti","雷火电竞APP官网入口":"leihuodianjinga","亚博全站APP登录官网":"yaboquanzhana","博鱼APP官方入口":"boyuapp","半岛APP综合":"bandaoapp","爱游戏体育综合APP":"aiyouxitiyu","米乐M6官网APP":"milem6guan","博鱼真人APP":"boyuzhenrena","新乐动体育最新入口":"xinledongtiyu","爱游戏APP官方入口":"aiyouxiap","半岛综合APP官方下载":"bandaozonghea","亚博yabo官网最新版":"yaboyab","华体汇APP下载":"huatihuiap","开云电竞APP":"kaiyundianjinga","半岛APP综合体育":"bandaoapp","手机百家家乐APP":"shoujibaijiajia","百家乐软件APP":"baijialeruanjian","欧宝·体育APP下载":"oubaotiyu","天博综合APP官网登录入口":"tianbozonghea","天博综合APP网站登录":"tianbozonghea","爱游戏全站APP官网入口":"aiyouxiquanzhan","亚博网APP下载":"yabowangap","真人百家家乐APP":"zhenrenbaijiajia","天博TB综合体育APP下载":"tianbotbzong","皇冠APP官方版下载安装":"huangguanapp","博鱼APP下载网站":"boyuapp","江南APP":"jiangnanapp","华体育APP下载手机版":"huatiyuap","天博体育APP官网入口":"tianbotiyua","爱游戏APP官方最新版":"aiyouxiap","波胆足球APP官方下载":"bodanzuqiua","皇冠APP下载官方版":"huangguanapp","皇冠新体育APP下载":"huangguanxintiyu","半岛APP下载":"bandaoapp","奥亚国际APP":"aoyaguojia","极速快三APP下载":"jisukuaisana","乐动体育APP官网入口":"ledongtiyua","亚新APP官网下载":"yaxinapp","金年会APP下载官网":"jinnianhuiap","华体汇APP":"huatihuiap","金年会体育APP官方下载":"jinnianhuitiyu","安博体育APP下载安装":"anbotiyua","天博APP下载":"tianboapp","真人百家家乐":"zhenrenbaijiajia","金年会APP":"jinnianhuiap","大发黄金版APP下载":"dafahuangjinban","博鱼APP下载":"boyuapp","乐鱼体育APP官网下载":"leyutiyua","米乐M6下载安装":"milem6xia","亚搏网APP下载":"yabowangap","欧宝·体育APP官方入口":"oubaotiyu","亚新APP":"yaxinapp","半岛手机版APP下载":"bandaoshoujiban","乐鱼体育APP下载":"leyutiyua","爱游戏综合APP下载":"aiyouxizonghe","博鱼APP综合":"boyuapp","天博综合APP下载":"tianbozonghea","M6米乐APP下载安装":"m6milea","新乐动体育官方下载":"xinledongtiyu","博鱼综合APP下载":"boyuzonghea","爱游戏APP官方网站入口":"aiyouxiap","爱游戏APP入口":"aiyouxiap","亚新全站APP登录官网":"yaxinquanzhana","金年会金字招牌信誉至上":"jinnianhuijinzi","爱游戏综合APP":"aiyouxizonghe","天博综合体育APP下载":"tianbozongheti","半岛APP体育":"bandaoapp","江南APP下载":"jiangnanapp","真人百家家乐APP下载":"zhenrenbaijiajia","米乐M6官网APP下载":"milem6guan","百家乐软件":"baijialeruanjian","乐鱼APP体育官方正版":"leyuapp","博鱼下载入口":"boyuxiazairu","波胆足球平台APP下载":"bodanzuqiuping","安博APP":"anboapp","博鱼手机版APP下载":"boyushoujiban","开云下载":"kaiyunxiazai","江南手机APP下载安装":"jiangnanshoujia","华体育APP下载":"huatiyuap","博鱼综合下载APP":"boyuzonghexia","安博体育APP下载":"anbotiyua","乐鱼·体育APP下载":"leyutiyu","博鱼全站APP下载":"boyuquanzhana","博鱼综合APP":"boyuzonghea","开云平台APP手机版下载":"kaiyunpingtaia","亚博yabo888官网进入":"yaboyab","博鱼APP体育":"boyuapp","半岛综合体育APP下载":"bandaozongheti","半岛综合体育APP":"bandaozongheti","爱游戏全站APP下载":"aiyouxiquanzhan","博鱼官方入口APP":"boyuguanfangru","半岛综合下载最新APP":"bandaozonghexia","博鱼综合体育下载":"boyuzongheti","欧宝·体育在线登录入口":"oubaotiyu","天博体育APP官网下载":"tianbotiyua","竞彩篮球APP":"jingcailanqiua","博鱼综合APP入口":"boyuzonghea","安博最新APP官方下载":"anbozuixina","爱游戏APP手机版":"aiyouxiap","yabo亚搏手机最新版APP":"yaboya","开云游戏APP":"kaiyunyouxia","澳亚国际APP下载":"aoyaguojia","乐鱼体育全站APP下载":"leyutiyuquan","奥亚国际APP下载":"aoyaguojia","中欧全站APP":"zhongouquanzhana","欧宝体育APP·官方入口":"oubaotiyua","博鱼官方入口":"boyuguanfangru","开云APP官方下载":"kaiyunapp","乐鱼APP体育下载":"leyuapp","中欧KOK体育APP":"zhongoukok","天博综合官方APP下载安装":"tianbozongheguan","天博体育克罗地亚APP官网":"tianbotiyuke","江南体育APP下载":"jiangnantiyua","爱游戏网页版官方入口":"aiyouxiwangye","乐鱼体育APP":"leyutiyua","亚新APP体育手机下载":"yaxinapp","亚搏手机在线登录入口":"yaboshoujizai","乐鱼APP体育":"leyuapp","华体育APP官方下载":"huatiyuap","M6米乐APP下载":"m6milea","十大正规足球外围APP下载":"shidazhengguizu","竞彩篮球APP下载":"jingcailanqiua","乐动体育APP入口":"ledongtiyua","竞彩足球APP官网下载":"jingcaizuqiua","开云官网APP下载安装":"kaiyunguanwanga","爱游戏APP官网":"aiyouxiap","开云手机版APP下载":"kaiyunshoujiban","欧宝官方体育APP下载":"oubaoguanfangti","半岛综合体育下载":"bandaozongheti","爱游戏下载":"aiyouxixiazai","雷火电竞APP下载":"leihuodianjinga","亚博体彩APP":"yaboticaia","安博APP下载":"anboapp","爱游戏APP官网登录入口":"aiyouxiap","金年会娱乐APP":"jinnianhuiyule","爱游戏官方网站入口":"aiyouxiguanfang","开云平台APP":"kaiyunpingtaia","外围足球软件APP下载":"waiweizuqiuruan","澳亚国际APP":"aoyaguojia","AYX爱游戏体育官网入口":"ayxaiyou","真人百家家乐软件下载":"zhenrenbaijiajia","博鱼下载入口网站":"boyuxiazairu","开云注册":"kaiyunzhuce","亚博体彩官网APP下载":"yaboticaiguan","百家乐软件APP下载":"baijialeruanjian","亚新APP下载":"yaxinapp","开云下载注册":"kaiyunxiazaizhu","M6米乐APP官网下载":"m6milea","亚搏体育APP":"yabotiyua","百家家乐APP下载":"baijiajialea","博鱼综合官方APP下载":"boyuzongheguan","华体汇APP官方下载":"huatihuiap","半岛综合APP下载":"bandaozonghea","半岛综合APP":"bandaozonghea","TB天博官方入口":"tbtianboguan","亚博全站APP官网网页版":"yaboquanzhana","博鱼综合下载最新版本":"boyuzonghexia","BOB·综合体育APP平台":"bobzong","半岛下载入口网站":"bandaoxiazairu","极速快三":"jisukuaisan","欧宝·体育APP在线入口":"oubaotiyu","亚博全站APP登录官网首页":"yaboquanzhana","天博TB综合体育":"tianbotbzong","皇冠APP官方版下载":"huangguanapp","BOB·综合体育APP入口":"bobzong","半岛全站APP手机版":"bandaoquanzhana","BOB·综合APP":"bobzong","半岛综合下载APP":"bandaozonghexia","半岛APP下载网站":"bandaoapp","亚博yabo888网页版登录":"yaboyab","OB体育APP":"obtiyua","半岛综合官方APP下载":"bandaozongheguan","博鱼真人APP下载":"boyuzhenrena","亚搏手机在线登录APP":"yaboshoujizai","爱游戏全站APP":"aiyouxiquanzhan","WNS888APP网站":"wns88","半岛下载入口":"bandaoxiazairu","OB体育APP下载":"obtiyua","爱游戏体育全站APP":"aiyouxitiyu","爱游戏APP网页版入口":"aiyouxiap","博鱼娱乐APP下载":"boyuyulea","金年会电子游戏APP":"jinnianhuidianzi","kaiyun体育APP入口":"kaiyu","BOB·综合体育":"bobzong","爱游戏·体育APP下载":"aiyouxiti","乐鱼体育下载":"leyutiyuxia","BOB·体育综合官方APP下载":"bobti","亚博网站手机版登录网址":"yabowangzhanshou","中欧全站APP下载":"zhongouquanzhana","BOB·综合体育APP下载":"bobzong","BOB官方入口APP下载":"bobguanfang","半岛全站APP入口":"bandaoquanzhana","欧宝官方体育APP入口":"oubaoguanfangti","半岛手机版APP":"bandaoshoujiban","百家乐软件下载":"baijialeruanjian","天博克罗地亚综合体育APP":"tianbokeluodi","爱游戏·体育APP":"aiyouxiti","江南体育综合APP":"jiangnantiyuzong","天博·体育APP下载":"tianbotiyu","江南APP官方下载":"jiangnanapp","乐鱼APP":"leyuapp","乐鱼体育APP下载官方版":"leyutiyua","开云平台官网入口登录":"kaiyunpingtaiguan","半岛娱乐APP下载":"bandaoyulea","BOB·综合APP下载":"bobzong","博鱼综合下载最新APP":"boyuzonghexia","博鱼官方入口网站":"boyuguanfangru","半岛全站APP下载":"bandaoquanzhana","BOB·综合体育APP":"bobzong","天博官方体育APP下载":"tianboguanfangti","博鱼全站APP":"boyuquanzhana","开云官方下载注册":"kaiyunguanfangxia","乐鱼·体育APP":"leyutiyu","亚博电竞APP下载":"yabodianjinga","乐鱼全站APP下载":"leyuquanzhana","女子世界杯买球APP":"nyuzishijiebei","博鱼娱乐APP":"boyuyulea","博鱼娱乐APP下载入口":"boyuyulea","手机百家家乐APP下载":"shoujibaijiajia","M6米乐APP":"m6milea","AYX爱游戏体育全站APP":"ayxaiyou","十大外围足球APP下载":"shidawaiweizu","亚搏体育APP下载":"yabotiyua","乐鱼全站APP":"leyuquanzhana","雷火电竞APP":"leihuodianjinga","北京K10赛车官网":"beijingk10","爱游戏APP体育":"aiyouxiap","M6米6体育APP":"m6mi6ti","M6米6体育APP下载":"m6mi6ti","BOB·体育APP下载":"bobti","电竞比赛押注平台APP":"dianjingbisaiya","竞彩足球APP下载安装":"jingcaizuqiua","博鱼娱乐官方APP下载":"boyuyuleguan","OB体育APP官网下载":"obtiyua","博亚体育APP下载":"boyatiyua","火狐体育APP下载":"huohutiyua","百家家乐APP":"baijiajialea","M6米乐最新下载地址":"m6milezui","欧宝·体育APP":"oubaotiyu","BOB·体育APP":"bobti","必威betway精装版app":"biweibet","126bet":"126be","AG发财网":"agfacaiwang","bg视讯官方网站":"bgshixunguan","bob博鱼":"bobboyu","博盈app":"boyingapp","3003必赢贵宾会vip":"3003bi","LOL比赛押注平台":"lolbisai","大小单双赚钱软件":"daxiaodanshuangzhuan","韦德·国际":"weideguoji","必赢游戏app":"biyingyouxia","博鱼平台APP":"boyupingtaia","188金宝搏":"188jinbao","lol竞赛押注":"loljingsai","火狐体育官网app入口":"huohutiyuguan","博鱼·综合体育":"boyuzonghe","12BET":"12bet","亚娱app":"yayuapp","pg电子app送体验金":"pgdianzia","Beplay体育软件":"bepla","BOB·综合体育下载APP":"bobzong","云开体育平台官网入口":"yunkaitiyuping","亚搏体育官方入口app":"yabotiyuguan","PG电子赏金女王":"pgdianzishang","正规NBA买球APP":"zhengguinba","AG电投网":"agdiantouwang","亚博APP下截":"yaboapp","565net必赢":"565ne","NBA????":"nba??","8590海洋之神登录":"8590hai","MG冰球突破辅助软件":"mgbingqiutu","亚博APP下网页版":"yaboapp","欢迎使用博鱼综合APP":"huanyingshiyongbo","8883平台下载":"8883ping","csgo赛程押注平台":"csgosai","AG8贵宾会":"ag8guibin","w66利来开户":"w66lilai","百家家乐软件下载":"baijiajialeruan","ag旗舰厅App":"agqijianting","bobty综合体育":"bobty","巴黎人app网站地址":"balirenap","welcome登录":"welco","亚博滚球平台App":"yabogunqiuping","爱游戏·APP":"aiyouxia","半岛全站":"bandaoquanzhan","NBA正规买球平台":"nbazhenggui","爱游戏":"aiyouxi","bg视讯":"bgshixun","乐鱼体育下载APP官网":"leyutiyuxia","欢迎使用半岛综合APP":"huanyingshiyongban","aoa体育在线登录":"aoatiyu","8868老版本":"8868lao","kok全站app下载":"kokquanzhan","BET九州登录直接登录":"betjiuzhou","12bet官方手机版":"12bet","OG视讯":"ogshixun","254俄罗斯线路检测":"254eluo","888集团电子游戏网址":"888jituan","bob综合app官网链接入口":"bobzonghe","pt闪电牛":"ptshandianniu","BOB官方体育APP":"bobguanfang","NBA押注官网":"nbayazhu","ManBetX·网页版":"manbe","b·体育":"btiyu","米博体育":"mibotiyu","澳门游戏厅":"aomenyouxiting","manbetx·手机·版":"manbe","ag百家家乐app":"agbaijiajia","红星云APP官方下载":"hongxingyunap","kok全站app":"kokquanzhan","KK体育":"kktiyu","kaiyun·app":"kaiyu","dafabet黄金手机版":"dafab","AYX爱游戏官方APP平台入口":"ayxaiyou","6722黄金城电子游戏":"6722huang","ag奔驰宝马多人版":"agbenchibao","ag真人旗舰厅和国际厅":"agzhenrenqi","bb电子平台":"bbdianziping","博亚娱乐注册":"boyayulezhu","365速发平台注册":"365sufa","188宝金博":"188baojin","欧宝娱乐app在线入口":"oubaoyulea","lol竞猜押注平台":"loljingcai","12bet正规网站":"12bet","bb电子糖果派试玩":"bbdianzitang","10bet体育官方网站":"10bet","半岛·BD":"bandaobd","lol押注正规平台":"lolyazhu","10beT体育":"10bet","188bet金宝搏官网登录":"188be","BOB体育官网入口APP":"bobtiyu","mg篮球巨星1000倍":"mglanqiuju","Betway必威App体育":"betwa","ju111十年信誉备用":"ju111","bob最新版下载地址":"bobzuixin","Bsport入口":"bspor","jdb财神捕鱼":"jdbcaishen","w88app官方登录":"w88ap","买球app软件下载":"maiqiuapp","mg冰球突破巨额大奖":"mgbingqiutu","半岛真人":"bandaozhenren","jdb五龙捕鱼试玩2000":"jdbwulong","1331银河在线游戏":"1331yin","MG官网网址是多少":"mgguanwangwang","18luck客户端下载":"18luc","90KO极速比分":"90koji","prg电子官网":"prgdianzi","BOB官方网站入口":"bobguanfang","k3k捕鱼游戏":"k3kbuyu","BOB·综合娱乐":"bobzong","半岛电子·APP下载":"bandaodianzi","火狐体育APP·官方入口":"huohutiyua","安博体育app":"anbotiyua","58同城招财猫app下载":"58tongchengzhao","6up中文网":"6upzhongwen","开云APP在线登录入口":"kaiyunapp","pt古怪猴子":"ptguguaihou","乐鱼·":"leyu","js06金沙申请优惠大厅":"js06jin","edf壴定发手机版":"edfzhuding","pg麻将胡了全屏红中":"pgmajianghu","aoa全站app官方":"aoaquanzhan","AG官方入口试玩":"agguanfangru","4008云顶集团":"4008yun","半岛体育":"bandaotiyu","E星体育app":"exingtiyua","197edf壹定发手机":"197ed","6686体育":"6686ti","m6米乐":"m6mile","1edfcom":"1edfc","2138acom太阳集团":"2138a","lol比赛竞猜平台":"lolbisai","必赢app手机版下载":"biyingapp","3522集团的新网站":"3522ji","6up扑克之星app":"6uppuke","皇冠国际体育app":"huangguanguojiti","sunbet下载":"sunbe","365买球软件":"365maiqiu","KOKAPP":"kokap","57573499拉斯维加斯":"57573","72886必赢欢迎光临":"72886","米6体育app官方下载":"mi6tiyua","am8亚美":"am8yamei","LOL比赛买输赢的网站":"lolbisai","2022年最新BET9":"2022nian","js1996官网":"js199","BOB综合体育APP在线":"bobzonghe","mg篮球巨星豪华":"mglanqiuju","pg电子app":"pgdianzia","aoa体育官方app下载":"aoatiyu","pg电子麻将胡了漏洞":"pgdianzima","4858美高梅app":"4858mei","uedbet客户端app下载":"uedbe","yth20611游艇会网站":"yth20","186edf壴定发手机版":"186ed","18新利luck":"18xinlil","284俄罗斯最线路":"284eluo","kok登录":"kokdenglu","990am金沙登录":"990am","882捕鱼":"882buyu","龙八·国际":"longbaguoji","4166am金沙":"4166a","B体育棋牌":"btiyuqipai","b体育官方在线登录":"btiyuguanfang","b体育app最新官方入口下载安装":"btiyuap","b体育体育app平台":"btiyutiyu","beplay官网app":"bepla","开云APP官网下载入口":"kaiyunapp","b体育网页版在线登录":"btiyuwangye","b体育app平台苹果":"btiyuap","开云APP官方客户端下载":"kaiyunapp","原贝博bb平台登录":"yuanbeibobb","188金宝搏官网下载app":"188jinbao","云体育app官网":"yuntiyuap","10大网投信誉平台":"10dawangtou","万博manbetx":"wanboman","BOB国际网页版":"bobguoji","必赢亚洲":"biyingyazhou","B体育app官网下载":"btiyuap","爱游戏ayx在线登录":"aiyouxiay","b体育app平台下载":"btiyuap","beta365登录网址":"beta3","Bt体育app官方网站":"bttiyua","鸭脖娱乐app官网下载入口":"yaboyulea","Manbetx网页登录":"manbe","b体育在线登陆":"btiyuzaixian","b体育app最新官方入口":"btiyuap","华体育在线登录":"huatiyuzaixian","188金宝搏亚洲官网":"188jinbao","b体育下载链接":"btiyuxiazai","b0b体育网页":"b0btiyu","BB贝博平台登录app":"bbbeiboping","188BET网页版官方网站":"188be","开运在线登录":"kaiyunzaixiandeng","博鱼手机版登录入口":"boyushoujiban","B体育官方下载入口":"btiyuguanfang","b体育网站官网入口app":"btiyuwangzhan","爱游戏综合官网登录":"aiyouxizonghe","10大信誉娱乐app平台":"10daxinyu","beta365平台下载链接":"beta3","bsports网页版":"bspor","万博ManBetX客户端":"wanboman","BB贝博app下载官网下载入口":"bbbeiboa","ayx手机版官方登录":"ayxshouji","ayx手机版登录入口":"ayxshouji","十大网赌正规排名":"shidawangduzheng","beta365官网登录":"beta3","开云APP官网网页版入口":"kaiyunapp","米乐手机网页登录":"mileshoujiwang","ayx官方网":"ayxguanfang","BB体育官方入口":"bbtiyuguan","BOB综合官网登录":"bobzonghe","beplay官网体育ios":"bepla","博亚体育app官网入口卓版":"boyatiyua","beta365手机官网入口":"beta3","博鱼app官方网站":"boyuapp","亚搏网app官网":"yabowangap","博鱼手机版登陆官网":"boyushoujiban","B体育官网下载":"btiyuguanwang","宝博游戏官方网站":"baoboyouxiguan","b体育官方app下载":"btiyuguanfang","华体育下载官网手机版":"huatiyuxiazai","博鱼官方app":"boyuguanfanga","亚洲彩票app官方网站":"yazhoucaipiaoa","b体育的链接入口":"btiyudelian","188bet":"188be","亚搏网官方入口":"yabowangguanfang","博鱼官网登录":"boyuguanwangdeng","b体育":"btiyu","博鱼官网入口登录":"boyuguanwangru","bob体育官网入口":"bobtiyu","bob体彩官网入口":"bobticai","华体育APP体育官方入口":"huatiyuap","B体育最新官网入口":"btiyuzuixin","188金宝搏官网":"188jinbao","博鱼游戏登录":"boyuyouxideng","博鱼体育登录":"boyutiyudeng","bob综合登录":"bobzonghe","yabo登录页面":"yabodeng","亚搏网手机版登录入口":"yabowangshouji","b体育app":"btiyuap","博鱼体育官方网站":"boyutiyuguan","亚搏网APP":"yabowangap","10博BET官方网站":"10bobe","亿博app下载官网":"yiboapp","好的外围平台和APP":"haodewaiweiping","爱游戏平台下载链接":"aiyouxipingtai","必赢亚洲网赌网址":"biyingyazhouwang","爱游戏手机版登陆官网":"aiyouxishouji","manbetx手机版官网":"manbe","开云体网页在线登录":"kaiyuntiwangye","beta365登录入口":"beta3","BOB体育在线登录":"bobtiyu","爱游戏ayx在线官网":"aiyouxiay","b体育app官网下载最新版":"btiyuap","bb贝博平台登录入口":"bbbeiboping","爱游戏手机版登录入口":"aiyouxishouji","bt体育平台":"bttiyuping","开云APP网页版登录入口":"kaiyunapp","beplay网页版官方网站":"bepla","澳门十大娱乐官网入口":"aomenshidayu","爱游戏app官网下载":"aiyouxiap","新葡萄8883官网最新版":"xinputao88","万人棋牌app":"wanrenqipaia","新利18体育在线官网":"xinli18ti","ayx手机在线登录入口":"ayxshouji","半导体育app下载官网":"bandaotiyua","ayx网页在线登录":"ayxwangye","开云官方登录":"kaiyunguanfangdeng","亚搏体育APP官网入口":"yabotiyua","半岛手机版登录":"bandaoshoujiban","博鱼在线官网":"boyuzaixianguan","米乐体育平台登录":"miletiyuping","亚搏手机版登录入口":"yaboshoujiban","博鱼官网入口":"boyuguanwangru","云开官方下载":"yunkaiguanfangxia","Bsport体育最新官网入口":"bspor","开云在线登录":"kaiyunzaixiandeng","开云体育网页在线登录":"kaiyuntiyuwang","M6米乐手机版登陆官网":"m6mileshou","beta365在线登录":"beta3","亚搏全站APP官网下载":"yaboquanzhana","亚搏全站APP官网登录":"yaboquanzhana","yabo888vip.com":"yabo8","华体育手机版登陆官网":"huatiyushouji","yabo亚搏体育官网入口":"yaboya","华体育官网入口登录":"huatiyuguanwang","BOB体育官方登录入口":"bobtiyu","be体育官方网站":"betiyuguan","亚搏手机版APP官网登录":"yaboshoujiban","bsport体育在线官网":"bspor","亚搏体育APP官网入":"yabotiyua","亚搏·体育APP":"yabotiyu","开云下载APP":"kaiyunxiazaia","b体育app平台直播软件":"btiyuap","b体育下载":"btiyuxiazai","b体育网页版下载":"btiyuwangye","BETVlCTOR手机登录":"betvl","云体育app官网入口":"yuntiyuap","博奥体育app":"boaotiyua","米乐官方平台米乐入口":"mileguanfangping","十大正规棋牌":"shidazhengguiqi","beta365官网入口登录":"beta3","米乐m6官网登录入口":"milem6guan","博鱼网页在线登录":"boyuwangyezai","yabo手机登录版":"yaboshou","雅博体育app下载地址":"yabotiyua","188金宝搏官网是多少":"188jinbao","开云APP官方入口":"kaiyunapp","亚博全站首页登录官网":"yaboquanzhanshou","大发平台APP下载安装":"dafapingtaia","华体育官网最新版":"huatiyuguanwang","b体育体育网页版必一":"btiyutiyu","天博网页版入口官网":"tianbowangyeban","beta365app官网":"beta3","kb88凯时唯一官网登录":"kb88kai","十大正规网赌平台":"shidazhengguiwang","米乐体育网页入口":"miletiyuwang","凯时app登录首页":"kaishiapp","米乐游戏大厅手机版":"mileyouxida","爱游戏ayx官网登录":"aiyouxiay","竞彩篮球APP官方正版":"jingcailanqiua","博鱼官方下载入口":"boyuguanfangxia","必中软件手机版":"bizhongruanjianshou","365彩票官网app下载安装":"365caipiao","云体育app下载官网手机版":"yuntiyuap","918博天堂":"918botian","亚博登录官网手机版":"yabodengluguan","爱游戏登录网址":"aiyouxidenglu","best365官网app下载":"best3","博鱼手机版登录":"boyushoujiban","万博客服在线咨询":"wanbokefuzai","BB贝博app下载官网下载德甲狼堡":"bbbeiboa","开云游戏官网":"kaiyunyouxiguan","开运app官网入口":"kaiyunapp","开云官网登录":"kaiyunguanwangdeng","beta365登录":"beta3","爱游戏ayx登录入口":"aiyouxiay","爱游戏游戏登录":"aiyouxiyouxi","亿博体育官网入口app":"yibotiyuguan","亚搏体育app官方入口":"yabotiyua","ayx手机官网入口":"ayxshouji","亚慱体育官网登录":"yatuantiyuguan","亚博登录官网":"yabodengluguan","bet九州APP":"betjiuzhou","ayx登录入口":"ayxdenglu","开运app体育官网":"kaiyunapp","B体育官方下载":"btiyuguanfang","凯运体育网页在线登录":"kaiyuntiyuwang","天博APP官网下载地址":"tianboapp","鸭脖娱乐app下载网站入口":"yaboyulea","kaiyun888在线登录":"kaiyu","鸭脖体育登陆":"yabotiyudeng","必赢网址官网入口9965":"biyingwangzhiguan","b体育app下载":"btiyuap","乐虎国际唯一登录首页":"lehuguojiwei","爱游戏综合官网":"aiyouxizonghe","云开体育官网入口":"yunkaitiyuguan","365足球外围网址":"365zuqiu","爱游戏官网登录":"aiyouxiguanwang","十大赌博软件平台":"shidaduboruan","开云官网登录入口":"kaiyunguanwangdeng","万博官方网站":"wanboguanfangwang","bob体育平盲平台":"bobtiyu","OB体育在线官网":"obtiyuzai","亚博APP手机官网登录":"yaboapp","b体育官方入口官网":"btiyuguanfang","十大正规赌博平台":"shidazhengguidu","bob体彩下载":"bobticai","米乐软件下载网":"mileruanjianxia","开云体手机版登陆官网":"kaiyuntishouji","yabo亚博登录网站首页":"yaboya","ayx手机版登录":"ayxshouji","半岛平台下载":"bandaopingtaixia","博亚体育app入口":"boyatiyua","博亚体育官方app下载":"boyatiyuguan","best365官网体育投注":"best3","ayxapp平台下载":"ayxap","亚博yabo网页版登录":"yaboyab","bob体育app下载":"bobtiyu","365速发登录入口":"365sufa","ag百家官方网官方网站":"agbaijiaguan","体育网站官网入口app":"tiyuwangzhanguan","博鱼体育官网":"boyutiyuguan","365速发官网":"365sufa","bbin宝盈手机APP下载":"bbinbao","BSPORT体育网页登录":"bspor","博鱼体育官方下载入口":"boyutiyuguan","伟德平台官方网站":"weidepingtaiguan","亚博网站官网登录":"yabowangzhanguan","bibo必博体育":"bibobi","安博体育网页版登录":"anbotiyuwang","贝博ballbet":"beibobal","澳博登录入口":"aobodengluru","安博":"anbo","ManBetX纯净版":"manbe","安博·体育":"anbotiyu","万博manbetx网页版":"wanboman","Bob体育在线":"bobtiyu","安博站app官网登录入口":"anbozhanap","OB欧宝网页登录":"oboubaowang","BOB体育app网页版登录":"bobtiyu","BOB博鱼官网登录":"bobboyu","必赢旧网站":"biyingjiuwangzhan","博盈app 首页":"boyingapp","安博体育·":"anbotiyu","B—sports登录":"bspo","博鱼":"boyu","欧宝体育app官方入口":"oubaotiyua","澳博的app":"aobodeap","博盈体育":"boyingtiyu","OB欧宝app":"oboubaoa","必威·BETWAY":"biweibe","申博体育·平台":"shenbotiyu","博鱼体育官网登录":"boyutiyuguan","博盈体育app官网入口":"boyingtiyua","博盈注册登录":"boyingzhucedeng","安博体育全站app":"anbotiyuquan","欧宝体育app在线入口":"oubaotiyua","博盈app下载":"boyingapp","天博app":"tianboapp","宝博体育投注官网":"baobotiyutou","b体育体育在线":"btiyutiyu","金字招牌信誉至上":"jinzizhaopaixin","安博体育官网下载app":"anbotiyuguan","贝搏体育官方网站app":"beibotiyuguan","b体育app官方网站":"btiyuap","鸿博平台最新地址":"hongbopingtaizui","BOB(中国)官方入口":"bobzhong","博冠体育app官网入口":"boguantiyua","BOB体育·APP":"bobtiyu","BOB体育综合入口":"bobtiyu","欧宝体育APP手机":"oubaotiyua","博亚app官方":"boyaapp","博亚app":"boyaapp","安博体育官网app":"anbotiyuguan","欧宝体育在线登录网站":"oubaotiyuzai","半岛bd体育":"bandaobdti","BOB体育手机网页版":"bobtiyu","天博app·":"tianboapp","yabo888亚博网站":"yabo8","博亚体育app·":"boyatiyua","必威betway中文版":"biweibet","BOB综合体育网页版":"bobzonghe","OB欧宝·":"oboubao","安博体育":"anbotiyu","AG体育平台网站":"agtiyuping","半岛BOB体育下载":"bandaobob","博鱼·体育":"boyutiyu","BOB页面登录":"bobyemian","ManBetX登录入口":"manbe","10BET十博网页版":"10bet","b体育下载入口":"btiyuxiazai","BWIN.必赢":"bwin.","亚博yabo首页登录":"yaboyab","BOB手机版官网登录":"bobshouji","澳博投注官网":"aobotouzhuguan","安博·体育app":"anbotiyu","B—sports入口":"bspo","安博app官方网站":"anboapp","188金宝慱入口":"188jinbao","B体育手机版":"btiyushouji","博鱼体育app官方入口":"boyutiyua","博冠官网":"boguanguanwang","亿博官网首页":"yiboguanwangshou","亚愽app下载":"yaboapp","博冠体育":"boguantiyu","澳博体育":"aobotiyu","米博·体育":"mibotiyu","博鱼体育app":"boyutiyua","欢迎登录亚博":"huanyingdengluya","江南·全站":"jiangnanquanzhan","博赢网站入口":"boyingwangzhanru","ag真人娱乐平台":"agzhenrenyu","安博体育官方下载":"anbotiyuguan","bob官方网站登陆入口":"bobguanfang","ob欧宝娱乐在线登录":"oboubaoyu","皇冠新体育":"huangguanxintiyu","安博体育入口":"anbotiyuru","b体育官方在线":"btiyuguanfang","Bob体育在线网页":"bobtiyu","BOB手机版官网":"bobshouji","bob游戏在线登录":"bobyouxi","半岛网首页":"bandaowangshouye","米博体育平台":"mibotiyuping","澳博体育app":"aobotiyua","欧宝娱乐":"oubaoyule","beplay全站登录":"bepla","博盈体育app官网入口下载":"boyingtiyua","188博金宝手机":"188bojin","天博·体育":"tianbotiyu","bob手机网页版登录":"bobshouji","bob手机版网页":"bobshouji","欧宝体育官网在线入口":"oubaotiyuguan","BD体育在线登陆":"bdtiyuzai","贝搏体育app":"beibotiyua","博鱼真人官网":"boyuzhenrenguan","best365体育":"best3","澳博·(ABET)体育":"aoboa","博鱼官方":"boyuguanfang","10BET实博体育":"10bet","BOB·APP":"boba","BOBAPP下载":"bobap","BOB官方登录":"bobguanfang","贝搏体育":"beibotiyu","BWIN官网":"bwinguan","半岛网页版入口":"bandaowangyeban","bet体育app安装":"bettiyu","半岛BOB体育在线":"bandaobob","博亚体育":"boyatiyu","b体育官方体育app下载":"btiyuguanfang","bd体育下载":"bdtiyuxia","亚搏登入口app":"yabodengrukou","博鱼体育app官网入口":"boyutiyua","亿博官网入口app":"yiboguanwangru","ag体育注册平台":"agtiyuzhu","半岛网页版登录入口":"bandaowangyeban","半岛官网入口":"bandaoguanwangru","半岛官方网站入口":"bandaoguanfangwang","E世博esb官网":"eshiboes","BSport登录地址":"bspor","bet体育手机app":"bettiyu","澳博在线官网娱乐游戏":"aobozaixianguan","Bsport体育登录":"bspor","Bsport体育":"bspor","亚博yabo2023vip官网":"yaboyab","亚博AG娱乐":"yaboagyu","博鱼体育":"boyutiyu","博鱼官网下载":"boyuguanwangxia","ag体育官网登录":"agtiyuguan","亚博欢迎你":"yabohuanyingni","宝博app官网下载":"baoboapp","亚博vip888网页版":"yabovip","必赢网址":"biyingwangzhi","竞博体育jbo":"jingbotiyuj","BOB体育入口官网下载":"bobtiyu","千亿国际唯一官方网站":"qianyiguojiwei","欧宝体育·OB官网":"oubaotiyu","鸿博体育版APP网站":"hongbotiyuban","e博乐在线登录":"ebolezaixian","安博体育官方下载APP":"anbotiyuguan","大发平台APP":"dafapingtaia","BOB体育官方APP在线":"bobtiyu","必威·体育(betway)":"biweitiyu","博鱼体育在线":"boyutiyuzai","Bob体育在线入口":"bobtiyu","bob手机综合app官网版":"bobshouji","Bd体育官网登录":"bdtiyuguan","欧宝体育官方app最新版":"oubaotiyuguan","鸿博体育网页登陆":"hongbotiyuwang","鸿博·体育·官网":"hongbotiyu","ag体育平台登录":"agtiyuping","千赢国际手机官网首页":"qianyingguojishou","亿博登录入口":"yibodengluru","半岛BOB软件":"bandaobob","新万博体育":"xinwanbotiyu","博盈体育app官网客服":"boyingtiyua","博鱼娱乐APP登录网页":"boyuyulea","manbetx·万博":"manbe","宝博体育app官网入口手机版":"baobotiyua","万博·ManBetX":"wanboma","多米官方平台入口":"duomiguanfangping","半岛网页版":"bandaowangyeban","乐博平台app":"lebopingtaia","亚博yabo888官网":"yaboyab","万博英超狼队官网":"wanboyingchaolang","万博·体育app":"wanbotiyu","博亚体育app官方网站(最新官方)入口":"boyatiyua","welcome·皇冠":"welco","qy千亿官网入口":"qyqianyiguan","bsport体育在线下载":"bspor","易倍体育官网":"yibeitiyuguan","AG官方平台下载地址":"agguanfangping","bob综合官网":"bobzonghe","E世博登录网址":"eshibodenglu","博鱼·体育中国入口":"boyutiyu","万博app下载":"wanboapp","贝搏体育官方app下载安装":"beibotiyuguan","乐博平台游戏":"lebopingtaiyou","半岛bdsports":"bandaobds","博亚·体育ap":"boyatiyu","bb平台体育下载":"bbpingtaiti","下载米博app网址":"xiazaimiboa","博奥·体育(官方)平台app":"boaotiyu","博鱼真人":"boyuzhenren","环球体育官网网站入口":"huanqiutiyuguan","KB体育平台":"kbtiyuping","平博体育":"pingbotiyu","OG真人官网":"ogzhenrenguan","亚搏体育手机登录页面":"yabotiyushou","博狗亚洲APP":"bogouyazhoua","乐鱼体育APP·官方登录入口(leyu)":"leyutiyua","kok真人官网":"kokzhenren","MB体育app":"mbtiyua","门徒娱乐":"mentuyule","ku真人登录":"kuzhenrendeng","球会体育APP":"qiuhuitiyua","半岛软件下载":"bandaoruanjianxia","凯时娱乐APP":"kaishiyulea","ku真人官网":"kuzhenrenguan","bob综合体育官网下载":"bobzonghe","SG新霸电子APP":"sgxinbadian","盈禾国际备用网站":"yingheguojibei","加拿大试玩平台":"jianadashiwan","可以买球赛的正规软件":"keyimaiqiusai","米博官方网站":"miboguanfangwang","必博体育":"bibotiyu","亿博网站":"yibowangzhan","亚博yabo2022vip官网":"yaboyab","瑞博最新地址APP":"ruibozuixindi","亿百体育APP":"yibaitiyua","og真人APP注册":"ogzhenrena","博天堂APP":"botiantangap","csgo赛事竞猜网站":"csgosai","壹号娱乐app官网":"yihaoyulea","og真人线上":"ogzhenrenxian","HOT88热竞技app":"hot88","WELLBETAPP":"wellb","亚博集团app":"yabojituana","ladbrokes立博体育APP":"ladbr","BOB真人平台app":"bobzhenren","OG真人APP":"ogzhenrena","门徒平台APP":"mentupingtaia","一起博app":"yiqiboap","OG真人网":"ogzhenrenwang","亿博APP":"yiboapp","凤凰体育":"fenghuangtiyu","线上买球十大正规平台":"xianshangmaiqiushi","IM体育app在线":"imtiyua","博亚app最新官方入口":"boyaapp","多宝体育":"duobaotiyu","博亚app官方入口":"boyaapp","OD真人":"odzhenren","波音体育官网入口":"boyintiyuguan","SA真人":"sazhenren","酷宝官网":"kubaoguanwang","DS真人官网":"dszhenrenguan","欢迎使用KOK体育APP":"huanyingshiyongk","OG真人官方网站":"ogzhenrenguan","配音兼职APP官网-咕咕配音网":"peiyinjianzhia","完美体育手机app":"wanmeitiyushou","亚娱体育app":"yayutiyua","万金体育APP":"wanjintiyua","开运app体育官网入口":"kaiyunapp","KOK·综合体育app":"kokzong","og视讯真人app":"ogshixunzhen","yabo网页版手机":"yabowang","泛亚电竞APP":"fanyadianjinga","彩神welcome登录入口":"caishenwel","火博体育app":"huobotiyua","英文配音国产剧app-咕咕配音网":"yingwenpeiyinguo","yibo亿博网址":"yiboyi","欧博视讯APP":"ouboshixuna","佳博":"jiabo","帝国娱乐APP":"diguoyulea","泛亚电竞登陆":"fanyadianjingdeng","博亚体育app官方网站":"boyatiyua","博亚体育官方APP在线":"boyatiyuguan","evo真人厅":"evozhenren","多宝体育app官网入口":"duobaotiyua","竞博app":"jingboapp","欢迎使用BOB综合体育APP":"huanyingshiyongb","博鱼体育全站app下载":"boyutiyuquan","百盛娱乐棋牌":"baishengyuleqi","bob综合体育app入口官方":"bobzonghe","Stake Casino":"stake","Welcome购彩大厅":"welco","UEDAPP":"uedap","bob综合官方app下载":"bobzonghe","BG真人旗舰":"bgzhenrenqi","皇冠真人手机app":"huangguanzhenrenshou","泛亚电竞app平台":"fanyadianjinga","OG真人登录":"ogzhenrendeng","博亚体育app":"boyatiyua","球王会":"qiuwanghui","og真人电子app":"ogzhenrendian","joker电子APP":"joker","BG真人娱乐下载":"bgzhenrenyu","og真人游戏":"ogzhenrenyou","百威真人":"baiweizhenren","多宝平台APP":"duobaopingtaia","快乐酷宝下载":"kuailekubaoxia","GD真人":"gdzhenren","大小单双正规平台":"daxiaodanshuangzheng","宝博体育APP官方网站":"baobotiyua","博亚体育官网":"boyatiyuguan","BOB体育app":"bobtiyu","亿博":"yibo","bg真人大游戏误乐":"bgzhenrenda","实博app":"shiboapp","摩登IIIapp":"modengiii","bc手机购彩app":"bcshoujigou","OB真人注册":"obzhenrenzhu","电竞实时比赛数据":"dianjingshishibi","新葡萄娱乐官网版":"xinputaoyule","UEDBETapp":"uedbe","新葡京官方赌场app":"xinpujingguanfang","KOK":"kok","欧宝·真人":"oubaozhenren","泛亚电竞app登陆":"fanyadianjinga","摩臣娱乐":"mochenyule","BOB体育app入口":"bobtiyu","博冠体育app":"boguantiyua","钻石娱乐场":"zuanshiyulechang","摩登娱乐":"modengyule","betobetAPP":"betob","BOB·综合":"bobzong","泰格娱乐app":"taigeyulea","博亿app":"boyiapp","彩99彩票":"cai99caipiao","配音兼职平台app-咕咕配音网":"peiyinjianzhiping","夺宝平台APP":"duobaopingtaia","竞博电竞app官网":"jingbodianjinga","ob真人登录":"obzhenrendeng","ob真人官网":"obzhenrenguan","yibo亿博体育官方APP":"yiboyi","购彩大厅登录welcomeapp":"goucaidatingdeng","泛亚电竞官方入口":"fanyadianjingguan","大发APP":"dafaapp","云博平台APP":"yunbopingtaia","bob官方综合App下载":"bobguanfang","钻石娱乐场APP":"zuanshiyulechang","拼搏app":"pinboapp","BBIN真人APP":"bbinzhen","BOB体育官方下载入口":"bobtiyu","新博app":"xinboapp","球王会APP":"qiuwanghuiap","BOB综合APP下载":"bobzonghe","万博·手机(通用)版":"wanboshouji","BOB官方下载入口":"bobguanfang","万博APP":"wanboapp","满堂彩平台APP":"mantangcaipingtai","OB棋牌":"obqipai","网络赌博下载":"wangluoduboxia","bob综合最新版下载":"bobzonghe","933cc彩票app":"933cc","尊龙凯时":"zunlongkaishi","eBET真人":"ebetzhen","BIBETapp":"bibet","瑞博APP":"ruiboapp","完美体育app最新版下载":"wanmeitiyua","博讯appAPP":"boxunapp","gd真人app下载":"gdzhenrena","PK体育app":"pktiyua","彩杏娱乐平台代理":"caixingyuleping","大班BETapp":"dabanbet","OG彩票APP":"ogcaipiaoa","c888彩票app":"c888cai","购彩大厅登录app":"goucaidatingdeng","UED体育app":"uedtiyu","SB网投app":"sbwangtoua","亚搏官网app下载入口":"yaboguanwanga","手机购彩登录大厅 首页app":"shoujigoucaideng","滚球app官方平台":"gunqiuapp","竞博jbo(官方)APP下载":"jingbojbo","购彩大厅登录中心app":"goucaidatingdeng","365真人app":"365zhenren","华体会登录手机版":"huatihuidenglu","大小单双APP官方版下载":"daxiaodanshuanga","千亿体育综合app":"qianyitiyuzong","最安全的外围足球平台":"zuianquandewai","雷火电竞app官网ios":"leihuodianjinga","彩神welcome登录app":"caishenwel","亚博yabo":"yaboyab","球探体育APP":"qiutantiyua","博亚体育app官网下载":"boyatiyua","手机购彩welcome首页app":"shoujigoucaiw","伟德平台":"weidepingtai","ag多台真人官方":"agduotaizhen","买球赛的软件":"maiqiusaideruan","杏彩平台注册登录入口":"xingcaipingtaizhu","俄罗斯转盘平台APP":"eluosizhuanpan","盛煌平台":"shenghuangpingtai","彩神永久登录入口":"caishenyongjiudeng","手机购彩大厅中心":"shoujigoucaida","香蕉体育":"xiangjiaotiyu","星辉平台":"xinghuipingtai","乐竞体育APP":"lejingtiyua","ydd赢多多彩票app":"yddyingduo","MG线上娱乐app":"mgxianshangyu","快乐酷宝1下载":"kuailekubao1","中文配音动漫APP-咕咕配音网":"zhongwenpeiyindong","小牛彩app":"xiaoniucaiap","六合头条app":"liuhetoutiaoa","安博真人app":"anbozhenrena","泛亚电竞官方网站下载":"fanyadianjingguan","宝盈真人网址":"baoyingzhenrenwang","网盟彩票官网注册app":"wangmengcaipiaoguan","滚球app官网苹果":"gunqiuapp","博可发bkk club":"bokefabk","KB体育app":"kbtiyua","云开平台登录":"yunkaipingtaideng","ag真人官网官方":"agzhenrenguan","亚娱集团平台网站":"yayujituanping","22betAPP":"22bet","环球真人登录":"huanqiuzhenrendeng","ag真人游戏官方app":"agzhenrenyou","888真人集团手机版":"888zhenren","博体育平台app下载":"botiyupingtai","全球最大的彩票":"quanqiuzuidade","老虎亚洲app":"laohuyazhoua","泛亚电竞":"fanyadianjing","AG真人旗舰厅网址":"agzhenrenqi","千亿体育APP":"qianyitiyua","利博会体育APP":"libohuitiyu","彩虹在线app":"caihongzaixiana","竟博体育APP":"jingbotiyua","MG游戏APP":"mgyouxia","体育外围平台哪个好":"tiyuwaiweiping","ab真人":"abzhenren","皇冠crown体育":"huangguancro","快3平台APP":"kuai3pingtaia","雷火登录入口":"leihuodengluru","澳门正规平台app游戏":"aomenzhengguiping","购彩中心首页":"goucaizhongxinshou","新普京网址多":"xinpujingwangzhi","MC俱乐部app":"mcjulebu","百利宫真人":"bailigongzhenren","安博真人":"anbozhenren","完美真人":"wanmeizhenren","ag真人官网app":"agzhenrenguan","体育外围平台网址":"tiyuwaiweiping","凯发真人":"kaifazhenren","亚慱官网APP在线下载":"yatuanguanwanga","哈希平台APP":"haxipingtaia","博盈娱乐下载app":"boyingyulexia","亚搏体育APP在线登录":"yabotiyua","鸿详娱乐APP":"hongxiangyulea","亚新平台app":"yaxinpingtaia","博鱼全站官方app入口":"boyuquanzhanguan","万博":"wanbo","博乐棋牌官网最新版":"boleqipaiguan","滚球app官网":"gunqiuapp","俄罗斯转盘赌APP":"eluosizhuanpan","bbin真人手机版下载":"bbinzhen","ab欧博真人":"aboubozhen","完美真人APP":"wanmeizhenrena","亿博·(yibo)电竞app":"yiboy","亚博全站官网链接":"yaboquanzhanguan","乐橙娱乐app":"lechengyulea","S63app":"s63ap","欧亿体育APP":"ouyitiyua","购彩大厅进入入口app":"goucaidatingjin","半岛平台中国官方网站":"bandaopingtaizhong","ag真人网站官网":"agzhenrenwang","ag真人手机版网址":"agzhenrenshou","中欧·体育(KOK)":"zhongoutiyu","博澳体育app":"boaotiyua","欧宝娱乐在线登录app":"oubaoyulezai","购彩中心—注册大厅app":"goucaizhongxin","OB真人APP":"obzhenrena","必威APP":"biweiapp","十大最新赌博正规网址":"shidazuixindu","AG视讯":"agshixun","威尼斯官方网站登录":"weinisiguanfang","mg真人":"mgzhenren","亚美真人体育":"yameizhenrenti","IM体育官方":"imtiyuguan","ag真人娱乐":"agzhenrenyu","IM体育app官方入口":"imtiyua","SA真人官网":"sazhenrenguan","PM真人APP":"pmzhenrena","威尼斯·网址":"weinisiwang","ag真人·平台":"agzhenren","迈博体育平台入口":"maibotiyuping","瑞博体育":"ruibotiyu","m6米乐·官方入口":"m6mile","IM体育电竞":"imtiyudian","AS真人游戏":"aszhenrenyou","E星体育真人app":"exingtiyuzhen","亚搏手机app":"yaboshoujia","mg真人游":"mgzhenrenyou","马博体育":"mabotiyu","亚博真人在线":"yabozhenrenzai","手机认证送18彩金":"shoujirenzhengsong","线上买球APP":"xianshangmaiqiua","im电竞app":"imdianjinga","靠谱的外围体育平台":"kaopudewaiwei","PC蛋蛋app":"pcdandana","沙巴真人":"shabazhenren","伟博体育app":"weibotiyua","Myball迈博体育网页":"mybal","瑞祥APP":"ruixiangapp","亚美娱乐APP":"yameiyulea","亚新体育app":"yaxintiyua","美高梅澳门娱乐平台":"meigaomeiaomen","拉菲娱乐APP":"lafeiyulea","亚搏体育官网登录入口":"yabotiyuguan","运盛娱乐":"yunshengyule","乐博体育app入口":"lebotiyua","M6体育app":"m6tiyua","竟博体育":"jingbotiyu","环球体育官方登录入口":"huanqiutiyuguan","stake平台":"stake","靠谱的外围买球app":"kaopudewaiwei","J9数字站APP":"j9shuzizhan","金沙乐娱场":"jinshaleyuchang","凯发体育app":"kaifatiyua","yabo亚博真人":"yaboya","美高梅国际版app平台下载":"meigaomeiguoji","摇钱树棋牌平台":"yaoqianshuqipai","澳门新葡京赌场app":"aomenxinpujing","亚娱体育":"yayutiyu","优博彩票":"youbocaipiao","威斯尼斯ww2299mc棋牌":"weisinisiw","顺发游戏娱乐平台":"shunfayouxiyu","bg真人平台":"bgzhenrenping","kok真人免费版":"kokzhenren","yabo亚博网站登录":"yaboya","ladbrokes":"ladbr","亚新全站":"yaxinquanzhan","海德体育":"haidetiyu","泛亚·电竞app":"fanyadianjing","亚投国际真人":"yatouguojizhen","OG真人厅":"ogzhenrenting","爱赢体育":"aiyingtiyu","12betAPP":"12bet","MG视讯APP":"mgshixuna","EVO视讯":"evoshixun","快三彩票APP":"kuaisancaipiaoa","W体育官方网站下载":"wtiyuguanfang","十大外围平台":"shidawaiweiping","99真人app下载":"99zhenrena","亚新全站官网登录":"yaxinquanzhanguan","威尼斯欢乐娱人城":"weinisihuanle","酷游KU真人":"kuyoukuzhen","欧宝真人登录":"oubaozhenrendeng","乐动体育最新官方入口":"ledongtiyuzui","OG真人网注册":"ogzhenrenwang","泛亚·电竞入口":"fanyadianjing","云开体育手机版app":"yunkaitiyushou","4g娱乐彩彩票":"4gyulecai","十大正规外围买球网站":"shidazhengguiwai","美亚体育":"meiyatiyu","亚慱体育最新官网":"yatuantiyuzui","368app下载":"368ap","欧宝真人官网首页":"oubaozhenrenguan","明陞APP":"mingshengapp","安博体育官网入口":"anbotiyuguan","威尼斯人娱乐场":"weinisirenyu","泛亚电竞官网注册":"fanyadianjingguan","TOP ONE娱乐城app":"topo","eBET真人注册":"ebetzhen","云博体育APP":"yunbotiyua","人人网彩票app":"renrenwangcaipiao","尊尚会娱乐APP":"zunshanghuiyule","乐投体育APP":"letoutiyua","万博全站(ManBetX)":"wanboquanzhan","吉祥体育APP":"jixiangtiyua","腾龙娱乐APP":"tenglongyulea","天辰娱乐app":"tianchenyulea","MGM集团app":"mgmjituan","帝王电游app":"diwangdianyoua","FB体育平台":"fbtiyuping","best356体育下载":"best3","米乐M6网页版":"milem6wang","亚搏体育官网入口app":"yabotiyuguan","九游会ag手机app":"jiuyouhuiag","球球体育app官方版下载":"qiuqiutiyua","手机上赌博的网址大全":"shoujishangdubo","ag真人百家网站":"agzhenrenbai","必博体育app":"bibotiyua","608威尼斯登录":"608weini","EsballAPP":"esbal","千锦彩票":"qianjincaipiao","海博网APP":"haibowangap","宝马会娱乐城":"baomahuiyule","美高梅mgm9988":"meigaomeimg","美高梅MGM33999":"meigaomeimg","亚愽体育":"yabotiyu","博华娱乐网站":"bohuayulewang","亚盈体育网页版入口":"yayingtiyuwang","云发购彩票":"yunfagoucaipiao","手机版美高梅APP下载":"shoujibanmeigao","手机版彩票":"shoujibancaipiao","千亿体育在线官方入口":"qianyitiyuzai","江南足球app":"jiangnanzuqiua","AG环亚娱乐app":"aghuanyayu","AG亚洲娱乐APP":"agyazhouyu","888真人娱乐官网":"888zhenren","福利彩":"fulicai","亚慱app官方下载":"yatuanapp","3亿体育登录网址":"3yitiyudeng","亚新APP(官方)下载":"yaxinapp","测试识字量,测识字量的app":"ceshishiziliang","爱游戏APP·官方登录入口(ayx)":"aiyouxiap","爱游戏平台":"aiyouxipingtai","半岛官方登录入口":"bandaoguanfangdeng","爱游戏客户端":"aiyouxikehu","爱游戏app登录入口":"aiyouxiap","开元娱乐游戏":"kaiyuanyuleyou","开云体育APP·官方入口(kaiyun)":"kaiyuntiyua","欧亿注册开户":"ouyizhucekai","IM体育官网登录入口":"imtiyuguan","爱游戏·综合":"aiyouxizong","爱体育官方app":"aitiyuguanfang","电子游戏平台":"dianziyouxiping","188金宝搏手机app":"188jinbao","千亿·体育":"qianyitiyu","云开体育app平台登录":"yunkaitiyua","IM体育app在线网址":"imtiyua","江南官方体育在线":"jiangnanguanfangti","vwin德赢网页版":"vwinde","im电竞":"imdianjing","开云手机app":"kaiyunshoujia","kaiyun体育全站app入口":"kaiyu","亚博IM电竞":"yaboimdian","加拿大pc试玩平台":"jianadapc","球·盟会":"qiumenghui","必博体育·":"bibotiyu","乐博体育·官方入口":"lebotiyu","IM体育app官方入":"imtiyua","牛·宝·官方":"niubaoguan","有球体育app在线登陆":"youqiutiyua","威尼斯·官方":"weinisiguan","云开体育app":"yunkaitiyua","爱游戏app网页入口":"aiyouxiap","云开体育app网页版":"yunkaitiyua","云开体育·APP":"yunkaitiyu","女子世界杯官网入口":"nyuzishijiebei","云开·体育APP·官方登录全站(kaiyun)":"yunkaitiyu","开云真人":"kaiyunzhenren","kok官方登录入口":"kokguanfang","半岛官方":"bandaoguanfang","开博体育":"kaibotiyu","五分快三APP":"wufenkuaisana","yobo体育全站APP下载":"yoboti","江南APP·":"jiangnanapp","正规官方电子游戏app":"zhengguiguanfangdian","南宫app链接":"nangongapp","亿博体育app":"yibotiyua","亚盈新体育网页版登录":"yayingxintiyu","爱游戏AYX":"aiyouxiay","天博综合":"tianbozonghe","半岛官网登录入口":"bandaoguanwangdeng","半岛登录入口":"bandaodengluru","球盟会app":"qiumenghuiap","太阳城APP":"taiyangchengap","乐动体育app":"ledongtiyua","欧亿体育app官网":"ouyitiyua","云开·体育app":"yunkaitiyu","IM体育APP官网下载":"imtiyua","365app下载(官方)":"365ap","九州酷游app":"jiuzhoukuyoua","ng体育软件":"ngtiyuruan","江南游戏官方网站":"jiangnanyouxiguan","南宫28PC入口":"nangong28p","威斯尼斯人娱乐":"weisinisiren","乐动体育官方网站":"ledongtiyuguan","新京体育(真人)":"xinjingtiyu","英皇体育·":"yinghuangtiyu","leyu乐鱼在线登录入口":"leyule","M6米乐·":"m6mile","明博体育官方版":"mingbotiyuguan","江南(JN)体育APP":"jiangnanjn","女子世界杯买球地址":"nyuzishijiebei","M6米乐体育":"m6mileti","明博体育客户端下载":"mingbotiyuke","亚盈网址":"yayingwangzhi","博盈体育网站官网":"boyingtiyuwang","开云真人(Kaiyun)":"kaiyunzhenren","半岛":"bandao","bsport体育app下载":"bspor","半岛官方网站下载":"bandaoguanfangwang","半岛bob综合体育":"bandaobob","九州酷游·ku":"jiuzhoukuyou","ayx爱游戏官方":"ayxaiyou","欧亿体育全站app":"ouyitiyuquan","w体育官方网站":"wtiyuguanfang","半岛·登录入口":"bandaodenglu","半岛全站入口":"bandaoquanzhanru","江南综合体育app":"jiangnanzongheti","kaiyun开云平台":"kaiyu","半岛平台官方网站入口":"bandaopingtaiguan","开博体育app":"kaibotiyua","女子世界杯赌注网站":"nyuzishijiebei","博鱼体育官网入口":"boyutiyuguan","BOB体育官网在线登录":"bobtiyu","女足世界杯外围网址":"nyuzushijiebei","米乐官方":"mileguanfang","bob综合体育网站官网":"bobzonghe","英亚·体育(通用)app官网入口":"yingyatiyu","千亿·体育综合下载":"qianyitiyu","乐鱼真人":"leyuzhenren","尊龙AG旗舰厅app":"zunlongagqi","全民赏金电竞":"quanminshangjindian","火博体育全站app":"huobotiyuquan","乐鱼体育":"leyutiyu","乐鱼·体育":"leyutiyu","球王会体育":"qiuwanghuitiyu","澳门沙金在线平台":"aomenshajinzai","乐博体育":"lebotiyu","云开app":"yunkaiapp","亚盈体育app入口":"yayingtiyua","kaiyun·体育app入口":"kaiyu","滚球体育APP":"gunqiutiyua","9393·体育":"9393","半岛·体育中国":"bandaotiyu","韦德官方APP":"weideguanfanga","欧宝娱乐官网进入网址":"oubaoyuleguan","南宫官网app入口":"nangongguanwanga","完美·体育(官方)网站":"wanmeitiyu","亚盈体育app官网":"yayingtiyua","亚盈体育官网入口登录":"yayingtiyuguan","欧博注册开户":"oubozhucekai","雷火电竞":"leihuodianjing","体育app最新官方入口下载":"tiyuapp","亚新体育APP官网":"yaxintiyua","乐投国际官方网站":"letouguojiguan","火星电竞官网":"huoxingdianjingguan","LD乐动体育最新网站":"ldledongti","赢博体育app官网":"yingbotiyua","华体会体育":"huatihuitiyu","NBA买球":"nbamaiqiu","半岛在线体育":"bandaozaixianti","亚盈体育app":"yayingtiyua","三亿体育":"sanyitiyu","bob综合体育官网网址":"bobzonghe","极速彩票APP最新版":"jisucaipiaoa","英皇体育app":"yinghuangtiyua","韦德·体育APP":"weidetiyu","188bet手机版本app":"188be","易博胜手机app下载安装":"yiboshengshouji","9393皇冠足球体育入口":"9393huang","b体育官方体育app下载安卓":"btiyuguanfang","世界杯女足买球":"shijiebeinyuzu","开元·体育APP":"kaiyuantiyu","申博体育app官方网站":"shenbotiyua","开元体育app":"kaiyuantiyua","半岛官方登录入口网址":"bandaoguanfangdeng","球王会体育官方app":"qiuwanghuitiyu","英亚体育全站app":"yingyatiyuquan","半岛游戏中心":"bandaoyouxizhong","云开体育app官网下载":"yunkaitiyua","乐鱼真人app":"leyuzhenrena","幸运快艇APP下载":"xingyunkuaitinga","雅博体育app":"yabotiyua","博亚体育官网入口APP":"boyatiyuguan","hth官网登录入口":"hthguanwang","博亚体育官方网站app下载":"boyatiyuguan","博鱼电竞app下载官网":"boyudianjinga","AG平台游戏":"agpingtaiyou","亚搏体育下载APP":"yabotiyuxia","万博官网登录欢迎你":"wanboguanwangdeng","Bsports网页版登录":"bspor","mg游戏登陆":"mgyouxideng","博澳·体育官方网站入口":"boaotiyu","6分彩票app":"6fencaipiaoa","爱游戏app最新官网登录入口":"aiyouxiap","大发彩票app下载官网":"dafacaipiaoa","56娱乐购彩app":"56yulegou","im电竞和泛亚电竞":"imdianjinghe","赛酷体育":"saikutiyu","欧博会员注册登录":"oubohuiyuanzhu","世博平台":"shibopingtai","B体育手机登录":"btiyushouji","亚信app":"yaxinapp","新爱体育app":"xinaitiyua","加拿大pc走势图":"jianadapc","安博电竞APP":"anbodianjinga","9游":"9you","6T官网":"6tguanwang","冰球突破游戏网站":"bingqiutupoyou","必威":"biwei","ag真人官网地址":"agzhenrenguan","mg官方游戏注册送":"mgguanfangyou","韦德体育下载":"weidetiyuxia","博鱼·体育app官网入口":"boyutiyu","万博ManBetX在线客服":"wanboman","买大小单双的平台":"maidaxiaodanshuang","乐鱼app在线登录官网":"leyuapp","天博体育官网入口app":"tianbotiyuguan","天博游戏官网":"tianboyouxiguan","贝博体育APP":"beibotiyua","亚博Yabo官网手机网页版":"yaboyab","太阳城APP下载":"taiyangchengap","澳门太阳集团www":"aomentaiyangji","金世豪AG娱乐":"jinshihaoag","迈博·体育":"maibotiyu","TB天博app":"tbtianboa","BOB电子综合APP下载":"bobdianzi","亚博全站APP登录官网登录":"yaboquanzhana","亚慱·娱乐APP":"yatuanyule","电子游戏冰球突破网站":"dianziyouxibing","亚搏官网?官网登录下载":"yaboguanwang?","澳门威斯尼斯人官方下载":"aomenweisini","vwin德赢AC米兰官网网址":"vwinde","亚搏官网官网登录下载":"yaboguanwangguan","真人ag娱乐官网":"zhenrenagyu","亚搏下载客户端":"yaboxiazaike","万博体育网页版注册登录":"wanbotiyuwang","博鱼手机登入网址":"boyushoujideng","BET9登录入口":"bet9deng","万博手机版max网页版":"wanboshoujiban","立博手机版登录入口进入":"liboshoujiban","开运集团":"kaiyunjituan","LETOU体育平台":"letou","万博ManBetX手机注册":"wanboman","hth·华体会体育":"hthhua","新乐动体育APP下载官网":"xinledongtiyu","BOB综合体育":"bobzonghe","平博pinnacle体育平台":"pingbopin","华体会网登录":"huatihuiwangdeng","bobog博狗app":"bobog","开云APP官网手机下载安装":"kaiyunapp","十大正规的买球APP":"shidazhengguide","im电竞官网":"imdianjingguan","亚愽网页登录入口":"yabowangyedeng","新万博全站ManBetX官网":"xinwanboquanzhan","亚搏手机版在线登录入口":"yaboshoujiban","立博是哪国的平台":"liboshinaguo","捕鱼机app":"buyujiap","博鱼官方体育客户端下载":"boyuguanfangti","半岛在线登陆":"bandaozaixiandeng","bat365在线登录入口":"bat36","beat365官方登录入口":"beat3","emc易倍体育怎么样":"emcyibei","168极速赛车官网计划":"168jisu","亚慱体育官方下载app":"yatuantiyuguan","乐鱼彩票":"leyucaipiao","乐鱼全站app网页版":"leyuquanzhana","bet356在线登录网站":"bet35","万博ManBetX纯净版":"wanboman","AOA体育网页版登录":"aoatiyu","江南体育官网":"jiangnantiyuguan","bob体体育app下载":"bobtiti","开云·体育APP官网下载":"kaiyuntiyu","beplay体育最新版下载":"bepla","金年会娱乐官网首页":"jinnianhuiyule","江南官方体育app":"jiangnanguanfangti","betway官网在线登录":"betwa","爱游戏体育最新官方入口":"aiyouxitiyu","亚新体育官网":"yaxintiyuguan","乐彩彩票首页用户注册":"lecaicaipiaoshou","升博体育APP":"shengbotiyua","亚搏体育官网入口app登录":"yabotiyuguan","半岛彩票平台下载":"bandaocaipiaoping","亚搏手机2020版官方登录":"yaboshouji2","黄金城游戏最新版":"huangjinchengyouxi","北京K10赛车":"beijingk10","足球竞彩网官网App下载":"zuqiujingcaiwang","泛亚电竞入口":"fanyadianjingru","亚搏体育app登录入口":"yabotiyua","天博体育APP官网下载入口":"tianbotiyua","乐鱼娱乐APP网站-首页":"leyuyulea","必威betway欢迎您888":"biweibet","亚博最新版":"yabozuixinban","万博网页版在线登录入口":"wanbowangyeban","乐博·体育":"lebotiyu","ManBetX手机登录入口":"manbe","威尼斯官方网站":"weinisiguanfang","万博ManBetX登录网页版":"wanboman","aifa·体育":"aifa","亚搏官方网站入口":"yaboguanfangwang","亚搏官方app下载":"yaboguanfanga","博鱼体育官网首页":"boyutiyuguan","亚博系列平台":"yaboxilieping","澳门新葡萄新京威尼斯":"aomenxinputao","赛酷体育app":"saikutiyua","bob综合入口":"bobzonghe","万博手机版app官网下载":"wanboshoujiban","幸运快艇下载":"xingyunkuaitingxia","博鱼综合下载":"boyuzonghexia","kaiyun":"kaiyu","平博app官方网站":"pingboapp","bob综合app官网下载网址":"bobzonghe","十博体育最新地址":"shibotiyuzui","亚搏体育版app下载":"yabotiyuban","赛博体育app下载":"saibotiyua","亚博登陆":"yabodenglu","立博中文版官网":"libozhongwenban","manbet手机版官网":"manbe","mg游戏注册送体验":"mgyouxizhu","万博网址入口":"wanbowangzhiru","亚搏体育全站APP下载":"yabotiyuquan","江南体育APP":"jiangnantiyua","亚博全站官网登录手机版":"yaboquanzhanguan","6t体育官网入口":"6ttiyuguan","aoa·体育":"aoati","IM电竞APP下载":"imdianjinga","天博综合APP官网登录":"tianbozonghea","国际菲彩最新官网":"guojifeicaizui","皇冠·登录入口welcome":"huangguandenglu","开云集团":"kaiyunjituan","kaiyun体育官网客服":"kaiyu","博鱼娱乐官方APP":"boyuyuleguan","天博体育网页版平台APP":"tianbotiyuwang","皇冠新体育APP下载网站":"huangguanxintiyu","tvt·体育":"tvtti","博鱼体育app官网入口下载":"boyutiyua","亿博官网入口下载":"yiboguanwangru","华体会是哪个国家的":"huatihuishina","BOB中国官方登录入口":"bobzhongguo","亚搏手机版官网":"yaboshoujiban","6566体育APP下载":"6566ti","亚博ag真人官网":"yaboagzhen","TB天博网址":"tbtianbowang","十大正规买球的网站":"shidazhengguimai","华体会体育hth首页":"huatihuitiyu","亚搏app官方下载":"yaboapp","TB天博APP官方下载":"tbtianboa","hg088官网":"hg088","庄闲娱乐APP下载真人":"zhuangxianyulea","博鱼入口":"boyurukou","best365体育入口中文版":"best3","凯发国际app首页":"kaifaguojia","博鱼娱乐app官网下载入口":"boyuyulea","澳门新葡京娱乐场app":"aomenxinpujing","华体会手机版":"huatihuishouji","亚新体育官方入口":"yaxintiyuguan","万博ManBetX3.0下载":"wanboman","开云·体育APP下载官网":"kaiyuntiyu","华体会最新地址":"huatihuizuixin","大发":"dafa","黄金城金网站mg":"huangjinchengjinwang","太阳城下载":"taiyangchengxiazai","BOB体育中国APP官方入口":"bobtiyu","kb体育网页版登录":"kbtiyuwang","最新平台送体验金":"zuixinpingtaisong","178体育app手机下载":"178tiyu","901蓝色旧版彩票":"901lanse","鸭脖网站":"yabowangzhan","半岛电子官网":"bandaodianziguan","竞博卡怎么买":"jingbokazenme","中国足彩竞彩官方app下载":"zhongguozucaijing","幸运快艇":"xingyunkuaiting","ky体育官方平台":"kytiyuguan","hg0086下载":"hg008","b体育app最新官方入口下载":"btiyuap","竞彩足球APP下载最新版":"jingcaizuqiua","正规NBA押注网站":"zhengguinba","九州体育app":"jiuzhoutiyua","麒麟彩票app":"qilincaipiaoa","反波胆足球平台APP":"fanbodanzuqiu","AG真人官方app":"agzhenrenguan","Bsport体育app":"bspor","KOK体育登录入口":"koktiyu","盛兴第一彩票app":"shengxingdiyicai","豪利777app":"haoli777","手机购彩-用户注册":"shoujigoucai","hth会体会官网app下载":"hthhuiti","bet356下载地址":"bet35","半岛最新登录入口":"bandaozuixindeng","大阳城集团官网":"dayangchengjituan","足球外围APP下载":"zuqiuwaiweia","KOK为啥改名中欧体育":"kokweisha","pg麻将胡了下载入口":"pgmajianghu","爱游戏官网平台入口":"aiyouxiguanwang","betway88必威手机网页版":"betwa","最安全的外围足球":"zuianquandewai","云顶国际·":"yundingguoji","AiFA体育下载":"aifati","江南体育下载":"jiangnantiyuxia","狗万":"gouwan","leyu乐鱼全站官网入口":"leyule","淘彩宝app":"taocaibaoap","ag九游国际":"agjiuyouguo","易彩网彩票":"yicaiwangcaipiao","306官方网站彩票app":"306guanfang","金年会官方入口APP":"jinnianhuiguanfang","开云APP手机网页版":"kaiyunapp","rich88电子APP":"rich8","亚搏体育官网下载":"yabotiyuguan","TVT体育APP下载":"tvttiyu","天天中彩票在线购彩":"tiantianzhongcaipiao","LD乐动体育app下载":"ldledongti","最新beplay官网下载app":"zuixinbep","环球体育app官网下载":"huanqiutiyua","澳门mgm美高梅官方网站":"aomenmgm","江南体育APP下载安装":"jiangnantiyua","j9九游会官方网站":"j9jiuyouhui","江南出行车主app下载":"jiangnanchuxingche","beplay·体育":"bepla","500彩票网手机版官网":"500caipiao","开云全站体育APP":"kaiyunquanzhanti","yabo亚博全站官网":"yaboya","德赢ac米兰官方合作vwin":"deyingacmi","澳洲幸运10全天精准计划":"aozhouxingyun1","fb体育在线下载":"fbtiyuzai","正规官方网彩票app亚洲彩":"zhengguiguanfangwang","大阳城集团网站8722":"dayangchengjituan","博鱼体育下载地址":"boyutiyuxia","云开平台APP":"yunkaipingtaia","华体会体育APP":"huatihuitiyu","乐鱼体育APP官网入口":"leyutiyua","AG亚洲娱乐集团":"agyazhouyu","天博综合APP官网下载":"tianbozonghea","爱游戏体育网页入口":"aiyouxitiyu","极速赛车平台APP":"jisusaicheping","博鱼体育app在线":"boyutiyua","米博体育app官方下载":"mibotiyua","pg电子娱乐":"pgdianziyu","雷火电竞APP官方下载":"leihuodianjinga","币游国际真人游戏":"biyouguojizhen","森林舞会APP":"senlinwuhuia","开云手机APP下载":"kaiyunshoujia","万博体育APP官方网":"wanbotiyua","ag九游会app":"agjiuyouhui","澳门银银河网上国际网站":"aomenyinyinhe","开云·体育APP在线下载":"kaiyuntiyu","和记娱乐":"hejiyule","韦德体育APP下载":"weidetiyua","澳门皇冠注册":"aomenhuangguanzhu","10bet·app":"10bet","乐鱼app有信誉09":"leyuapp","元宝娱乐官方平台":"yuanbaoyuleguan","亚博体彩APP下载":"yaboticaia","免费mg不朽情缘试玩":"mianfeimgbu","Bet365的官方网址下载":"bet36","米乐m6棋牌官网":"milem6qi","博鱼app综合下载":"boyuapp","奇异果体育app网版":"qiyiguotiyu","明博体育APP官网入口":"mingbotiyua","波胆足球平台APP":"bodanzuqiuping","FH体育app官网":"fhtiyua","leyu乐鱼游戏官网":"leyule","tvt体育":"tvttiyu","皇冠官网体育APP":"huangguanguanwangti","ayx爱游戏·体育":"ayxaiyou","开云官网登录网页版":"kaiyunguanwangdeng","开云APP官方客户端":"kaiyunapp","LOL外围押注平台APP":"lolwaiwei","LOL外围竞猜平台":"lolwaiwei","天博APP安装下载":"tianboapp","爱游戏体育全站APP官方":"aiyouxitiyu","开云APP手机":"kaiyunapp","开云APP手机下载安装":"kaiyunapp","天博体育官方APP下载安装":"tianbotiyuguan","开云官方·体育APP下载":"kaiyunguanfang","经典百家乐":"jingdianbaijiale","红星云APP下载":"hongxingyunap","亚博全站APP登录官网网页版":"yaboquanzhana","beta365官网APP下载":"beta3","手机买球APP推荐":"shoujimaiqiua","196体育APP官网":"196tiyu","开云全站官网APP":"kaiyunquanzhanguan","中欧全站版APP官方入口":"zhongouquanzhanban","LOL比赛投注网站":"lolbisai","爱游戏APP官方最新版本":"aiyouxiap","爱游戏AYX体育APP":"aiyouxiay","AG真人官方网址":"agzhenrenguan","大小单双正规平台官网":"daxiaodanshuangzheng","百家乐在线下载":"baijialezaixian","BOB官方体育":"bobguanfang","博鱼体育APP下载":"boyutiyua","中欧·体育KOK下载":"zhongoutiyu","中欧官方体育APP下载":"zhongouguanfangti","米乐M6APP":"milem6a","金年会体育APP":"jinnianhuitiyu","女足世界杯买球":"nyuzushijiebei","十大正规足球外围APP":"shidazhengguizu","BOB体育APP平台":"bobtiyu","亚博体彩APP首页":"yaboticaia","半岛官方体育APP下载":"bandaoguanfangti","kaiyun官方":"kaiyu","博鱼·体育APP":"boyutiyu","KK体育APP":"kktiyua","半岛综合APP下载网站":"bandaozonghea","靠谱的体育平台":"kaopudetiyu","BOB体育综合官方APP下载":"bobtiyu","开云·体育APP官方版下载":"kaiyuntiyu","天博体育APP客户端下载":"tianbotiyua","半岛体彩官方入口":"bandaoticaiguan","经典百家乐APP":"jingdianbaijiale","电竞押注平台APP":"dianjingyazhuping","NBA比赛下注软件":"nbabisai","开云·体育APP官方最新版":"kaiyuntiyu","大小单双正规平台网址":"daxiaodanshuangzheng","爱游戏APP网页版官方入口":"aiyouxiap","半岛App综合下载":"bandaoapp","博鱼综合体育官方APP下载":"boyuzongheti","开云APP官网入口网址":"kaiyunapp","AYX爱游戏网页登录":"ayxaiyou","爱游戏官网APP客户端":"aiyouxiguanwang","快三APP官方入口":"kuaisanapp","BOB体育综合入口官方":"bobtiyu","爱游戏体育APP官方登录":"aiyouxitiyu","云开体育APP官方入口下载":"yunkaitiyua","半岛综合下载最新版本":"bandaozonghexia","半岛官方体育登陆人口":"bandaoguanfangti"}